{"cameraMode":{"drawMode":0,"name":"Shaded","section":"Shading Mode"},"sceneLighting":false,"audioPlay":false,"sceneViewState":{"m_AlwaysRefresh":false,"showFog":true,"showSkybox":false,"showFlares":true,"showImageEffects":true,"showParticleSystems":true,"showVisualEffectGraphs":true,"m_FxEnabled":true},"in2DMode":false,"pivot":{"x":381.937744140625,"y":148.3162841796875,"z":3.164815902709961},"rotation":{"x":-0.014688802883028984,"y":-0.004509181249886751,"z":-0.00007237998943310231,"w":0.9998728632926941},"size":246.60772705078126,"orthographic":true}