{"cameraMode":{"drawMode":0,"name":"Shaded","section":"Shading Mode"},"sceneLighting":false,"audioPlay":false,"sceneViewState":{"m_AlwaysRefresh":false,"showFog":true,"showSkybox":false,"showFlares":true,"showImageEffects":true,"showParticleSystems":true,"showVisualEffectGraphs":true,"m_FxEnabled":true},"in2DMode":false,"pivot":{"x":407.8500061035156,"y":161.76937866210938,"z":-21.899017333984376},"rotation":{"x":-0.014688895083963871,"y":-0.0030093675013631584,"z":-0.00005034671266912483,"w":0.9998785257339478},"size":168.24490356445313,"orthographic":true}